word;transcription;translation;class
abandon;[əʹbændən];отказаться от;verb
absolute;[ʹæbsəlu:t];абсолютный;adjective
absorb;[əbʹzɔ:b];поглощать;verb
abstract;[ʹæbstrækt];абстрактный;adjective
academic;[͵ækəʹdemık];академик;noun
accent;[ʹæks(ə)nt];акцент;noun
acceptable;[əkʹseptəb(ə)l];приемлемый;adjective
accidentally;[͵æksıʹdent(ə)lı];случайно;adverb
accommodate;[əʹkɒmədeıt];вместить;verb
accompany;[əʹkʌmp(ə)nı];сопровождать;verb
accomplish;[əʹkʌmplıʃ];достичь;verb
account;[əʹkaʋnt];приходиться;verb
accountant;[əʹkaʋntənt];бухгалтер;noun
accuracy;[ʹækjərəsı];точность;noun
accurate;[ʹækjərət];точный;adjective
accurately;[ʹækjərətlı];точно;adverb
accuse;[əʹkju:z];обвинять;verb
acid;[ʹæsıd];кислота;noun
acknowledge;[əkʹnɒlıdʒ];признать;verb
acquire;[əʹkwaıə];приобрести;verb
activate;[ʹæktıveıt];активировать;verb
actual;[ʹæktʃʋəl];фактический;adjective
adapt;[əʹdæpt];адаптироваться;verb
addiction;[əʹdıkʃ(ə)n];зависимость;noun
additional;[əʹdıʃ(ə)nəl];дополнительный;adjective
additionally;[əʹdıʃ(ə)nəlı];кроме того;adverb
address;[əʹdres];решить;verb
adequate;[ʹædıkwıt];адекватный;adjective
adequately;[ʹædıkwıtlı];адекватно;adverb
adjust;[əʹdʒʌst];корректировать;verb
administration;[əd͵mınıʹstreıʃ(ə)n];администрация;noun
adopt;[əʹdɒpt];принять;verb
advance;[ədʹvɑ:ns];предварительный;adjective
advance;[ədʹvɑ:ns];продвижение;noun
advance;[ədʹvɑ:ns];продвигать;verb
affair;[əʹfeə];роман;noun
affordable;[əʹfɔ:dəb(ə)l];доступный;adjective
afterwards;['ɑ:ftəwədz];после этого;adverb
agency;[ʹeıdʒ(ə)nsı];агентство;noun
agenda;[əʹdʒendə];повестка дня;noun
aggressive;[əʹgresıv];агрессивный;adjective
agriculture;[ʹægrı͵kʌltʃə];сельское хозяйство;noun
aid;[eıd];помощь;noun
aid;[eıd];помочь;verb
aids;[eıdz];пособия;noun
aircraft;[ʹeəkrɑ:ft];самолет;noun
alarm;[əʹlɑ:m];тревожить;verb
alien;[ʹeılıən];иностранец;noun
alongside;[ə͵lɒŋʹsaıd];вместе с;preposition
alter;[ʹɔ:ltə];изменить;verb
altogether;[͵ɔ:ltəʹgeðə];вообще;adverb
ambulance;[ʹæmbjʋləns];скорая помощь;noun
amount;[əʹmaʋnt];составлять;verb
amusing;[əʹmju:zıŋ];забавный;adjective
analyst;[ʹænəlıst];аналитик;noun
ancestor;[ʹænsəstə];предок;noun
anger;[ʹæŋgə];гнев;noun
angle;[ʹæŋg(ə)l];угол;noun
animation;[ænıʹmeıʃ(ə)n];анимация;noun
anniversary;[͵ænıʹvɜ:s(ə)rı];годовщина;noun
annual;[ʹænjʋəl];ежегодный;adjective
annually;[ʹænjʋəlı];ежегодно;adverb
anticipate;[ænʹtısıpeıt];ожидать;verb
anxiety;[æŋʹzaıətı];тревога;noun
anxious;[ʹæŋkʃəs];тревожный;adjective
apology;[əʹpɒlədʒı];извинение;noun
apparent;[əʹpærənt];очевидный;adjective
apparently;[əʹpærəntlı];по-видимому;adverb
appeal;[əʹpi:l];апелляция;noun
appeal;[əʹpi:l];обжаловать;verb
applicant;[ʹæplıkənt];заявитель;noun
approach;[əʹprəʋtʃ];подход;noun
approach;[əʹprəʋtʃ];подойти;verb
appropriate;[əʹprəʋprııt];соответствующий;adjective
appropriately;[əʹprəʋprııtlı];надлежащим образом;adverb
approval;[əʹpru:v(ə)l];утверждение;noun
approve;[əʹpru:v];одобрить;verb
arise;[əʹraız];возникать;verb
armed;[ɑ:md];вооруженный;adjective
arms;arms[МН.Ч.];оружие;noun
arrow;[ʹærəʋ];стрела;noun
artificial;[͵ɑ:tıʹfıʃ(ə)l];искусственный;adjective
artistic;[ɑ:ʹtıstık];художественный;adjective
artwork;[ʹɑ:twɜ:k];произведение искусства;noun
ashamed;[əʹʃeımd];стыдно;adjective
aside;[əʹsaıd];в сторону;adverb
aspect;[ʹæspekt];аспект;noun
assess;[əʹses];оценить;verb
assessment;[əʹsesmənt];оценка;noun
asset;[ʹæset];актив;noun
assign;[əʹsaın];назначить;verb
assistance;[əʹsıst(ə)ns];помощь;noun
associate;[əʹsəʋʃııt];ассоциировать;verb
associated;[əʹsəʋʃıeıtıd];связанный;adjective
association;[ə͵səʋsıʹeıʃ(ə)n];ассоциация;noun
assume;[əʹsju:m];предположить;verb
assumption;[əʹsʌmpʃ(ə)n];предположение;noun
assure;[əʹʃʋə];заверить;verb
astonishing;[əʹstɒnıʃıŋ];удивительный;adjective
attachment;[əʹtætʃmənt];привязанность;noun
attempt;[əʹtempt];попытка;noun
attempt;[əʹtempt];пытаться;verb
auction;[ʹɔ:kʃ(ə)n];аукцион;noun
audio;[ʹɔ:dıəʋ];аудио;adjective
automatic;[͵ɔ:təʹmætık];автоматический;adjective
automatically;[͵ɔ:təʹmætık(ə)lı];автоматически;adverb
awareness;[əʹweənıs];осведомленность;noun
awkward;[ʹɔ:kwəd];неловкий;adjective
back;[bæk];вернуться;verb
bacteria;[bækʹtı(ə)rıə];бактерии;noun
badge;[bædʒ];значок;noun
balanced;[ʹbælənst];сбалансированный;adjective
ballet;[ʹbæleı];балет;noun
balloon;[bəʹlu:n];воздушный шар;noun
bar;[bɑ:];запретить;verb
barely;[ʹbeəlı];едва;adverb
bargain;[ʹbɑ:gın];сделка;noun
barrier;[ʹbærıə];барьер;noun
basement;[ʹbeısmənt];подвал;noun
basically;[ʹbeısık(ə)lı];в основном;adverb
basket;[ʹbɑ:skıt];корзина;noun
bat;[bæt];летучая мышь;noun
battle;[ʹbætl];сражаться;verb
bear;[beə];нести;verb
beat;[bi:t];ритм;noun
beg;[beg];просить;verb
being;[ʹbi:ıŋ];существо;noun
beneficial;[͵benıʹfıʃ(ə)l];полезный;adjective
bent;[bent];согнутый;adjective
beside;[bıʹsaıd];рядом с;preposition
besides;[bıʹsaıdz];кроме того;adverb
besides;[bıʹsaıdz];не считая;preposition
bet;[bet];ставка;noun
bet;[bet];спорить;verb
beyond;[bıʹjɒnd];за пределы;adverb
beyond;[bıʹjɒnd];за пределами;preposition
bias;[ʹbaıəs];предвзятость;noun
bid;[bıd];заявка;noun
bid;[bıd];предложить;verb
bill;[bıl];выставлять счет;verb
biological;[,baiəu'lɔdʒik(əl)];биологический;adjective
bitter;[ʹbıtə];горький;adjective
blame;[bleım];вина;noun
blame;[bleım];винить;verb
blanket;[ʹblæŋkıt];одеяло;noun
blind;[blaınd];слепой;adjective
blow;[bləʋ];удар;noun
bold;[bəʋld];смелый;adjective
bombing;[ʹbɒmıŋ];бомбардировка;noun
bond;[bɒnd];облигация;noun
booking;[ʹbʋkıŋ];бронирование;noun
boost;[bu:st];повышение;noun
boost;[bu:st];повысить;verb
border;[ʹbɔ:də];граничить;verb
bound;[baʋnd];связанный;adjective
breast;[brest];грудь;noun
brick;[brık];кирпич;noun
brief;[bri:f];краткий;adjective
briefly;[ʹbri:flı];кратко;adverb
broad;[brɔ:d];широкий;adjective
broadcast;[ʹbrɒdkɑ:st];трансляция;noun
broadcast;[ʹbrɒdkɑ:st];транслироваться;verb
broadcaster;[ʹbrɔ:d͵kɑ:stə];телекомпания;noun
broadly;[ʹbrɔ:dlı];широко;adverb
budget;[ʹbʌdʒıt];бюджет;noun
bug;[bʌg];ошибка;noun
bullet;[ʹbʋlıt];пуля;noun
bunch;[bʌntl];куча;noun
burn;[bɜ:n];ожог;noun
bush;[bʋʃ];Буш;noun
but;[bʌt];кроме;preposition
cabin;[ʹkæbın];кабина;noun
cable;[ʹkeıb(ə)l];кабель;noun
calculate;[ʹkælkjʋleıt];рассчитать;verb
canal;[kəʹnæl];канал;noun
cancel;[ʹkæns(ə)l];отменить;verb
cancer;[ʹkænsə];рак;noun
candle;[ʹkændl];свеча;noun
capable;[ʹkeıpəb(ə)l];способный;adjective
capacity;[kəʹpæsıtı];потенциал;noun
capture;[ʹkæptʃə];захват;noun
capture;[ʹkæptʃə];захватить;verb
carbon;[ʹkɑ:bən];углерод;noun
cast;[kɑ:st];актерский состав;noun
cast;[kɑ:st];бросить;verb
casual;[ʹkæʒʋəl];случайный;adjective
catch;[kætʃ];улов;noun
cave;[keıv];пещера;noun
cell;[sel];клетка;noun
certainty;[ʹsɜ:tntı];уверенность;noun
certificate;[səʹtıfıkət];сертификат;noun
chain;[tʃeın];приковать;verb
chair;[tʃeə];председательствовать;verb
chairman;[ʹtʃeəmən];председатель;noun
challenge;[ʹtʃælındʒ];оспорить;verb
challenging;[ʹtʃælındʒıŋ];сложный;adjective
championship;[ʹtʃæmpıənʃıp];чемпионат;noun
characteristic;[͵kærıktəʹrıstık];характерный;adjective
characteristic;[͵kærıktəʹrıstık];характеристика;noun
charming;[ʹtʃɑ:mıŋ];очаровательный;adjective
chart;[tʃɑ:t];наметить;verb
chase;[tʃeıs];погоня;noun
chase;[tʃeıs];преследовать;verb
cheek;[tʃi:k];щека;noun
cheer;[tʃıə];радость;noun
cheer;[tʃıə];подбодрить;verb
chief;[tʃi:f];главный;adjective
chief;[tʃi:f];начальник;noun
choir;[ʹkwaıə];хор;noun
chop;[tʃɒp];рубить;verb
circuit;[ʹsɜ:kıt];схема;noun
circumstance;[ʹsɜ:kəmstæns];обстоятельство;noun
cite;[saıt];привести;verb
citizen;[ʹsıtız(ə)n];гражданин;noun
civil;[ʹsıv(ə)l];гражданский;adjective
civilization;[͵sıv(ə)laıʹzeıʃ(ə)n];цивилизация;noun
clarify;[ʹklærıfaı];уточнить;verb
classic;[ʹklæsık];классический;adjective
classic;[ʹklæsık];классика;noun
classify;[ʹklæsıfaı];классифицировать;verb
clerk;[klɑ:k];клерк;noun
cliff;[klıf];скала;noun
clinic;[ʹklınık];клиника;noun
clip;[klıp];клип;noun
close;[kləʋs];закрытие;noun
closely;[ʹkləʋslı];тесно;adverb
coincidence;[kəʋʹınsıd(ə)ns];совпадение;noun
collapse;[kəʹlæps];крах;noun
collapse;[kəʹlæps];рухнуть;verb
collector;[kəʹlektə];коллекционер;noun
colony;[ʹkɒlənı];колония;noun
colourful;[ʹkʌləf(ə)l];красочный;adjective
combination;[͵kɒmbıʹneıʃ(ə)n];сочетание;noun
comfort;[ʹkʌmfət];комфорт;noun
comfort;[ʹkʌmfət];утешить;verb
comic;[ʹkɒmık];комический;adjective
comic;[ʹkɒmık];комикс;noun
command;[kəʹmɑ:nd];командование;noun
command;[kəʹmɑ:nd];командовать;verb
commander;[kəʹmɑ:ndə];командир;noun
commission;[kəʹmıʃ(ə)n];комиссия;noun
commission;[kəʹmıʃ(ə)n];заказать;verb
commitment;[kəʹmıtmənt];приверженность;noun
committee;[kəʹmıtı];комитет;noun
commonly;[ʹkɒmənlı];обычно;adverb
comparative;[kəmʹpærətıv];сравнительный;adjective
completion;[kəmʹpli:ʃ(ə)n];завершение;noun
complex;[ʹkɒmpleks];комплекс;noun
complicated;[ʹkɒmplıkeıtıd];сложный;adjective
component;[kəmʹpəʋnənt];компонент;noun
compose;[kəmʹpəʋz];составлять;verb
composer;[kəmʹpəʋzə];композитор;noun
compound;[ʹkɒmpaʋnd];соединение;noun
comprehensive;[͵kɒmprıʹhensıv];всеобъемлющий;adjective
comprise;[kəmʹpraız];составлять;verb
compulsory;[kəmʹpʌls(ə)rı];обязательный;adjective
concentration;[͵kɒns(ə)nʹtreıʃ(ə)n];концентрация;noun
concept;[ʹkɒnsept];концепция;noun
concern;[kənʹsɜ:n];озабоченность;noun
concern;[kənʹsɜ:n];касаться;verb
concerned;[kənʹsɜ:nd];заинтересованный;adjective
concrete;[ʹkɒŋkri:t];конкретный;adjective
concrete;[ʹkɒŋkri:t];бетон;noun
conduct;[ʹkɒndʌkt];поведение;noun
conduct;[ʹkɒndʌkt];проводить;verb
confess;[kənʹfes];признаться;verb
confidence;[ʹkɒnfıd(ə)ns];уверенность;noun
conflict;[ʹkɒnflıkt];конфликт;noun
conflict;[ʹkɒnflıkt];конфликтовать;verb
confusing;[kənʹfju:zıŋ];запутанный;adjective
confusion;[kənʹfju:ʒ(ə)n];путаница;noun
conscious;[ʹkɒnʃəs];сознательный;adjective
consequently;[ʹkɒnsıkwəntlı];следовательно;adverb
conservation;[͵kɒnsəʹveıʃ(ə)n];сохранение;noun
conservative;[kənʹsɜ:vətıv];консервативный;adjective
conservative;[kənʹsɜ:vətıv];консерватор;noun
considerable;[kənʹsıd(ə)rəb(ə)l];значительный;adjective
considerably;[kənʹsıd(ə)rəblı];значительно;adverb
consideration;[kən͵sıdəʹreıʃ(ə)n];рассмотрение;noun
consistent;[kənʹsıst(ə)nt];последовательный;adjective
consistently;[kənʹsıst(ə)ntlı];последовательно;adverb
conspiracy;[kənʹspırəsı];заговор;noun
constant;[ʹkɒnstənt];постоянный;adjective
constantly;[ʹkɒnstəntlı];постоянно;adverb
construct;[ʹkɒnstrʌkt];построить;verb
construction;[kənʹstrʌkʃ(ə)n];строительство;noun
consult;[kənʹsʌlt];обратиться к;verb
consultant;[kənʹsʌlt(ə)nt];консультант;noun
consumption;[kənʹsʌmpʃ(ə)n];потребление;noun
contemporary;[kənʹtemp(ə)rərı];современный;adjective
contest;[ʹkɒntest];конкурс;noun
contest;[ʹkɒntest];оспаривать;verb
contract;[ʹkɒntrækt];контракт;noun
contract;[ʹkɒntrækt];сокращаться;verb
contribute;[kənʹtrıbju:t];способствовать;verb
contribution;[͵kɒntrıʹbju:ʃ(ə)n];вклад;noun
controversial;[͵kɒntrəʹvɜ:ʃ(ə)l];спорный;adjective
controversy;[ʹkɒntrəvɜ:sı];спор;noun
convenience;[kənʹvi:nıəns];удобство;noun
convention;[kənʹvenʃ(ə)n];конвенция;noun
conventional;[kənʹvenʃ(ə)nəl];обычный;adjective
convert;[ʹkɒnvɜ:t];конвертировать;verb
convey;[kənʹveı];передать;verb
convinced;[kənʹvınst];убежденный;adjective
convincing;[kənʹvınsıŋ];убедительный;adjective
cope;[kəʋp];справиться;verb
core;[kɔ:];основной;adjective
core;[kɔ:];ядро;noun
corporate;[ʹkɔ:p(ə)rıt];корпоративный;adjective
corporation;[͵kɔ:pəʹreıʃ(ə)n];корпорация;noun
corridor;[ʹkɒrıdɔ:];коридор;noun
council;[ʹkaʋns(ə)l];совет;noun
counter;[ʹkaʋntə];счетчик;noun
county;[ʹkaʋntı];округ;noun
courage;[ʹkʌrıdʒ];мужество;noun
coverage;[ʹkʌv(ə)rıdʒ];охват;noun
crack;[kræk];трещина;noun
crack;[kræk];взломать;verb
craft;[krɑ:ft];ремесло;noun
crash;[kræʃ];авария;noun
crash;[kræʃ];рухнуть;verb
creation;[krıʹeıʃ(ə)n];создание;noun
creativity;[͵kri:eıʹtıvıtı];творчество;noun
creature;[ʹkri:tʃə];существо;noun
credit;[ʹkredıt];кредитовать;verb
crew;[kru:];экипаж;noun
crisis;[ʹkraısıs];кризис;noun
criterion;[kraıʹtı(ə)rıən];критерий;noun
critic;[ʹkrıtık];критик;noun
critical;[ʹkrıtık(ə)l];критический;adjective
critically;[ʹkrıtık(ə)lı];критически;adverb
criticism;[ʹkrıtısız(ə)m];критик;noun
criticize;[ʹkrıtısaız];критиковать;verb
crop;[krɒp];урожай;noun
crucial;[ʹkru:ʃ(ə)l];важный;adjective
cruise;[kru:z];круиз;noun
cruise;[kru:z];путешествовать;verb
cry;[kraı];крик;noun
cue;[kju:];сигнал;noun
cure;[kjʋə];лечение;noun
cure;[kjʋə];вылечить;verb
curious;[ʹkjʋ(ə)rıəs];любопытный;adjective
current;[ʹkʌrənt];ток;noun
curriculum;[kəʹrıkjʋləm];учебный план;noun
curve;[kɜ:v];изгиб;noun
curve;[kɜ:v];изгибаться;verb
curved;[kɜ:vd];изогнутый;adjective
cute;[kju:t];милый;adjective
dairy;[ʹdeərı];молочный;adjective
dairy;[ʹdeərı];молочные продукты;noun
dare;[deə];сметь;verb
darkness;[ʹdɑ:knıs];тьма;noun
database;['deitəbeis];база данных;noun
date;[deıt];датироваться;verb
deadline;[ʹdedlaın];срок;noun
deadly;[ʹdedlı];смертельный;adjective
dealer;[ʹdi:lə];дилер;noun
debate;[dıʹbeıt];дебаты;noun
debate;[dıʹbeıt];обсуждать;verb
debt;[det];долг;noun
decent;[ʹdi:s(ə)nt];достойный;adjective
deck;[dek];палуба;noun
declare;[dıʹkleə];объявить;verb
decline;[dıʹklaın];снижение;noun
decline;[dıʹklaın];снижаться;verb
decoration;[͵dekəʹreıʃ(ə)n];украшение;noun
decrease;[ʹdi:kri:s];снижение;noun
decrease;[ʹdi:kri:s];уменьшить;verb
deeply;[ʹdi:plı];глубоко;adverb
defeat;[dıʹfi:t];поражение;noun
defeat;[dıʹfi:t];победить;verb
defence;[dıʹfens];оборона;noun
defend;[dıʹfend];защищать;verb
defender;[dıʹfendə];защитник;noun
delay;[dıʹleı];задержка;noun
delay;[dıʹleı];отложить;verb
delete;[dıʹli:t];удалить;verb
deliberate;[dıʹlıb(ə)rıt];преднамеренный;adjective
deliberately;[dıʹlıb(ə)rıtlı];намеренно;adverb
delight;[dıʹlaıt];восторг;noun
delight;[dıʹlaıt];радовать;verb
delighted;[dıʹlaıtıd];рад;adjective
delivery;[dıʹlıv(ə)rı];доставка;noun
demand;[dıʹmɑ:nd];спрос;noun
demand;[dıʹmɑ:nd];требовать;verb
democracy;[dıʹmɒkrəsı];демократия;noun
democratic;[͵deməʹkrætık];демократический;adjective
demonstrate;[ʹdemənstreıt];продемонстрировать;verb
demonstration;[͵demənʹstreıʃ(ə)n];демонстрация;noun
deny;[dıʹnaı];отрицать;verb
depart;[di:ʹpɑ:t];отправляться;verb
dependent;[dıʹpendənt];зависимый;adjective
deposit;[dıʹpɒzıt];депозит;noun
depressed;[dıʹprest];подавленный;adjective
depressing;[dıʹpresıŋ];удручающий;adjective
depression;[dıʹpreʃ(ə)n];депрессия;noun
depth;[depθ];глубина;noun
derive;[dıʹraıv];получать;verb
desert;[ʹdezət];покинуть;verb
deserve;[dıʹzɜ:v];заслуживать;verb
desire;[dıʹzaıə];желание;noun
desire;[dıʹzaıə];желать;verb
desperate;[ʹdesp(ə)rıt];отчаянный;adjective
desperately;[ʹdesp(ə)rıtlı];отчаянно;adverb
destruction;[dısʹtrʌkʃ(ə)n];уничтожение;noun
detail;[ʹdi:teıl];детализировать;verb
detailed;[ʹdi:teıld];подробный;adjective
detect;[dıʹtekt];обнаружить;verb
determination;[dı͵tɜ:mıʹneıʃ(ə)n];определение;noun
devote;[dıʹvəʋt];посвятить;verb
differ;[ʹdıfə];отличаться;verb
dig;[dıg];копать;verb
disability;[͵dısəʹbılıtı];инвалидность;noun
disabled;[dısʹeıbld];людей с ограниченными возможностями;adjective
disagreement;[͵dısəʹgri:mənt];разногласие;noun
disappoint;[͵dısəʹpɔınt];разочаровать;verb
disappointment;[͵dısəʹpɔıntmənt];разочарование;noun
disc;[dısk];диск;noun
discipline;[ʹdısıplın];дисциплина;noun
discount;[ʹdıskaʋnt];сбрасывать со счетов;verb
discourage;[dısʹkʌrıdʒ];препятствовать;verb
dishonest;[dısʹɒnıst];нечестный;adjective
disk;[dısk];диск;noun
dismiss;[dısʹmıs];уволить;verb
disorder;[dısʹɔ:də];расстройство;noun
display;[dısʹpleı];дисплей;noun
display;[dısʹpleı];отображать;verb
distant;[ʹdıst(ə)nt];далекий;adjective
distinct;[dısʹtıŋ(k)t];различный;adjective
distinguish;[dısʹtıŋgwıʃ];отличить;verb
distract;[dısʹtrækt];отвлечь;verb
distribute;[dısʹtrıbju(:)t];распространять;verb
distribution;[͵dıstrıʹbju:ʃ(ə)n];распределение;noun
district;[ʹdıstrıkt];район;noun
disturb;[dısʹtɜ:b];беспокоить;verb
dive;[daıv];погружение;noun
dive;[daıv];погрузиться;verb
diverse;[daıʹvɜ:s];разнообразный;adjective
diversity;[daıʹvɜ:sıtı];разнообразие;noun
divide;[dıʹvaıd];разрыв;noun
division;[dıʹvıʒ(ə)n];отдел;noun
divorce;[dıʹvɔ:s];развод;noun
divorce;[dıʹvɔ:s];развестись;verb
document;[ʹdɒkjʋmənt];документировать;verb
domestic;[dəʹmestık];внутренний;adjective
dominant;[ʹdɒmınənt];доминирующий;adjective
dominate;[ʹdɒmıneıt];доминировать;verb
donation;[də(ʋ)ʹneıʃ(ə)n];пожертвование;noun
dot;[dɒt];точка;noun
downtown;[ʹdaʋntaʋn];центральный;adjective
downtown;[ʹdaʋntaʋn];в центре;adverb
downtown;[ʹdaʋntaʋn];центр города;noun
downwards;[ʹdaʋnwədz];вниз;adverb
dozen;[ʹdʌz(ə)n];дюжина;determiner
dozen;[ʹdʌz(ə)n];дюжина;noun
draft;[drɑ:ft];проект;noun
draft;[drɑ:ft];разработать;verb
drag;[dræg];перетащить;verb
dramatic;[drəʹmætık];драматический;adjective
dramatically;[drəʹmætık(ə)lı];резко;adverb
drought;[draʋt];засуха;noun
dull;[dʌl];скучный;adjective
dump;[dʌmp];бросить;verb
duration;[djʋ(ə)ʹreıʃ(ə)n];продолжительность;noun
dynamic;[daıʹnæmık];динамический;adjective
economics;[͵ekəʹnɒmıks];экономика;noun
economist;[ıʹkɒnəmıst];экономист;noun
edit;[ʹedıt];редактировать;verb
edition;[ıʹdıʃ(ə)n];издание;noun
editorial;[͵edıʹtɔ:rıəl];редакционный;adjective
efficient;[ıʹfıʃ(ə)nt];эффективный;adjective
efficiently;[i'fiʃ(ə)ntli];эффективно;adverb
elbow;[ʹelbəʋ];локоть;noun
elderly;[ʹeldəlı];престарелый;adjective
elect;[ıʹlekt];избрать;verb
electronics;[ı͵lekʹtrɒnıks];электроника;noun
elegant;[ʹelıgənt];элегантный;adjective
elementary;[͵elıʹment(ə)rı];элементарный;adjective
eliminate;[ıʹlımıneıt];устранить;verb
elsewhere;[(ʹ)elsʹweə];в другом месте;adverb
embrace;[ımʹbreıs];принять;verb
emerge;[ıʹmɜ:dʒ];появляться;verb
emission;[ıʹmıʃ(ə)n];выброс;noun
emotional;[ıʹməʋʃ(ə)nəl];эмоциональный;adjective
emotionally;[ıʹməʋʃ(ə)nəlı];эмоционально;adverb
emphasis;[ʹemfəsıs];акцент;noun
emphasize;[ʹemfəsaız];подчеркнуть;verb
empire;[ʹempaıə];империя;noun
enable;[ıʹneıb(ə)l];позволить;verb
encounter;[ınʹkaʋntə];встреча;noun
encounter;[ınʹkaʋntə];сталкиваться с;verb
engage;[ınʹgeıdʒ];заниматься;verb
enhance;[ınʹhɑ:ns];повысить;verb
enjoyable;[ınʹdʒɔıəb(ə)l];приятный;adjective
enquiry;[ınʹkwaıə];запрос;noun
ensure;[ınʹʃʋə];обеспечить;verb
entertaining;[͵entəʹteınıŋ];развлекательный;adjective
enthusiasm;[ınʹtju:zıæz(ə)m];энтузиазм;noun
enthusiastic;[ın͵θju:zıʹæstık];восторженный;adjective
entire;[ınʹtaıə];целый;adjective
entirely;[ınʹtaıəlı];полностью;adverb
entrepreneur;[͵ɒntrəprəʹnɜ:];предприниматель;noun
envelope;[ʹenvələʋp];конверт;noun
equal;[ʹi:kwəl];равенство;noun
equip;[ıʹkwıp];оснастить;verb
equivalent;[ıʹkwıv(ə)lənt];эквивалентный;adjective
equivalent;[ıʹkwıv(ə)lənt];эквивалент;noun
era;[ʹı(ə)rə];эпоха;noun
erupt;[ıʹrʌpt];извергаться;verb
essentially;[ıʹsenʃ(ə)lı];по сути;adverb
establish;[ıʹstæblıʃ];установить;verb
estate;[ıʹsteıt];недвижимость;noun
estimate;[ʹestımıt];оценка;noun
estimate;[ʹestımıt];оценить;verb
ethic;[ʹeθık];этика;noun
ethical;[ʹeθık(ə)l];этический;adjective
ethnic;[ʹeθnık];этнический;adjective
evaluate;[ıʹvæljʋeıt];оценить;verb
evaluation;[ı͵væljʋʹeıʃ(ə)n];оценка;noun
even;[ʹi:v(ə)n];равный;adjective
evident;[ʹevıd(ə)nt];очевидный;adjective
evil;[ʹi:v(ə)l];злой;adjective
evil;[ʹi:v(ə)l];зло;noun
evolution;[͵i:vəʹlu:ʃ(ə)n];эволюция;noun
evolve;[ıʹvɒlv];развиваться;verb
examination;[ıg͵zæmıʹneıʃ(ə)n];обследование;noun
exceed;[ıkʹsi:d];превышать;verb
exception;[ıkʹsepʃ(ə)n];исключение;noun
excessive;[ıkʹsesıv];чрезмерный;adjective
exclude;[ıkʹsklu:d];исключать;verb
excuse;[ıkʹskju:s];оправдание;noun
excuse;[ıkʹskju:s];извинить;verb
executive;[ıgʹzekjʋtıv];исполнительный;adjective
executive;[ıgʹzekjʋtıv];руководитель;noun
exhibit;[ıgʹzıbıt];выставка;noun
exhibit;[ıgʹzıbıt];демонстрировать;verb
existence;[ıgʹzıst(ə)ns];существование;noun
exit;[ʹegzıt];выход;noun
exotic;[ıgʹzɒtık];экзотический;adjective
expansion;[ıkʹspænʃ(ə)n];расширение;noun
expectation;[͵ekspekʹteıʃ(ə)n];ожидание;noun
expense;[ıkʹspens];счет;noun
expertise;[͵ekspɜ:ʹti:z];опыт;noun
exploit;[ʹeksplɔıt];использовать;verb
exploration;[͵ekspləʹreıʃ(ə)n];разведка;noun
expose;[ıkʹspəʋz];разоблачить;verb
exposure;[ıkʹspəʋʒə];воздействие;noun
extend;[ıkʹstend];продлить;verb
extension;[ıkʹstenʃ(ə)n];расширение;noun
extensive;[ıkʹstensıv];обширный;adjective
extensively;[ik'sten(t)sivli];широко;adverb
extent;[ıkʹstent];степень;noun
external;[ıkʹstɜ:n(ə)l];внешний;adjective
extract;[ʹekstrækt];экстракт;noun
extraordinary;[ıkʹstrɔ:d(ə)n(ə)rı];чрезвычайный;adjective
extreme;[ıkʹstri:m];крайность;noun
fabric;[ʹfæbrık];ткань;noun
fabulous;[ʹfæbjʋləs];сказочный;adjective
facility;[fəʹsılıtı];объект;noun
failed;[feıld];неудачный;adjective
failure;[ʹfeıljə];неудача;noun
faith;[feıθ];вера;noun
fake;[feık];поддельный;adjective
fame;[feım];слава;noun
fantasy;[ʹfæntəsı];фантазия;noun
fare;[feə];тариф;noun
fault;[fɔ:lt];вина;noun
favour;[ʹfeıvə];способствовать;verb
feather;[ʹfeðə];перо;noun
federal;[ʹfed(ə)rəl];федеральный;adjective
fee;[fi:];плата;noun
feed;[fi:d];корм;noun
feedback;[ʹfi:dbæk];отзыв;noun
feel;[fi:l];ощущение;noun
fellow;[ʹfeləʋ];ближний;adjective
fever;[ʹfi:və];лихорадка;noun
figure;[ʹfıgə];понимать;verb
file;[faıl];подать;verb
finance;[ʹfaınæns];финансы;noun
finance;[ʹfaınæns];финансировать;verb
finding;[ʹfaındıŋ];поиск;noun
firefighter;['faiə,faitə];пожарный;noun
firework;[ʹfaıəwɜ:k];фейерверк;noun
firm;[fɜ:m];твердый;adjective
firm;[fɜ:m];фирма;noun
firmly;[fə:mli];твердо;adverb
fix;[fıks];исправление;noun
flame;[fleım];пламя;noun
flash;[flæʃ];вспышка;noun
flash;[flæʃ];мигать;verb
flavour;[ʹfleıvə];вкус;noun
flexible;[ʹfleksəb(ə)l];гибкий;adjective
float;[fləʋt];плавать;verb
fold;[fəʋld];раз;noun
folding;[ʹfəʋldıŋ];складной;adjective
following;[ʹfɒləʋıŋ];после;preposition
fond;[fɒnd];любить;adjective
fool;[fu:l];дурак;noun
forbid;[fəʹbıd];запрещать;verb
forecast;[ʹfɔ:kɑ:st];прогноз;noun
forecast;[ʹfɔ:kɑ:st];прогнозировать;verb
forgive;[fəʹgıv];простить;verb
format;[ʹfɔ:mæt];формат;noun
formation;[fɔ:ʹmeıʃ(ə)n];формирование;noun
former;[ʹfɔ:mə];бывший;adjective
formerly;[ʹfɔ:məlı];ранее;adverb
fortunate;[ʹfɔ:tʃ(ə)nət];счастливый;adjective
fortune;[ʹfɔ:tʃ(ə)n];состояние;noun
forum;[ʹfɔ:rəm];форум;noun
forward;[ʹfɔ:wəd];передовой;adjective
fossil;[ʹfɒs(ə)l];окаменелость;noun
found;[faʋnd];найти;verb
foundation;[faʋnʹdeıʃ(ə)n];фонд;noun
founder;[ʹfaʋndə];основатель;noun
fraction;[ʹfrækʃ(ə)n];часть;noun
fragment;[ʹfrægmənt];фрагмент;noun
framework;[ʹfreımwɜ:k];основа;noun
fraud;[frɔ:d];мошенничество;noun
free;[fri:];освободить;verb
freedom;[ʹfri:dəm];свобода;noun
freely;[ʹfri:lı];свободно;adverb
frequency;[ʹfri:kwənsı];частота;noun
frequent;[ʹfri:kwənt];частый;adjective
fuel;[fjʋəl];подпитывать;verb
fulfil;[fʋlʹfıl];выполнять;verb
full-time;[fʋl]-[taım];штатный;adjective
full-time;[fʋl]-[taım];полностью;adverb
fully;[ʹfʋlı];полностью;adverb
function;[ʹfʌŋkʃ(ə)n];функционировать;verb
fund;[fʌnd];фонд;noun
fund;[fʌnd];финансировать;verb
fundamental;[͵fʌndəʹmentl];фундаментальный;adjective
fundamentally;[͵fʌndəʹment(ə)lı];принципиально;adverb
funding;[ʹfʌndıŋ];финансирование;noun
furious;[ʹfjʋ(ə)rıəs];яростный;adjective
furthermore;[͵fɜ:ðəʹmɔ:];кроме того;adverb
gain;[geın];выгода;noun
gain;[geın];получить;verb
gaming;[ʹgeımıŋ];игра;noun
gang;[gæŋ];банда;noun
gay;[geı];однополый;adjective
gender;[ʹdʒendə];пол;noun
gene;[dʒi:n];ген;noun
generate;[ʹdʒenər(e)ıt];генерировать;verb
genetic;[dʒıʹnetık];генетический;adjective
genius;[ʹdʒi:nıəs];гений;noun
genre;[ʹʒɒnrə];жанр;noun
genuine;[ʹdʒenjʋın];подлинный;adjective
genuinely;[ʹdʒenjʋınlı];действительно;adverb
gesture;[ʹdʒestʃə];жест;noun
gig;[gıg];концерт;noun
globalization;[,gləub(ə)lai'zeiʃ(ə)n];глобализация;noun
globe;[gləʋb];глобус;noun
golden;[ʹgəʋld(ə)n];золотой;adjective
goodness;[ʹgʋdnıs];добро;noun
gorgeous;[ʹgɔ:dʒəs];великолепный;adjective
govern;[ʹgʌvən];управлять;verb
governor;[ʹgʌv(ə)nə];губернатор;noun
grab;[græb];взять;verb
grade;[greıd];оценивать;verb
gradually;[ʹgrædʒʋəlı];постепенно;adverb
grand;[grænd];великий;adjective
grant;[grɑ:nt];грант;noun
grant;[grɑ:nt];предоставить;verb
graphic;[ʹgræfık];графический;adjective
graphics;[ʹgræfıks];графика;noun
greatly;[ʹgıʹeıtlı];значительно;adverb
greenhouse;[ʹgri:nhaʋs];теплица;noun
grocery;[ʹgrəʋs(ə)rı];бакалея;noun
guarantee;[͵gærənʹti:];гарантия;noun
guarantee;[͵gærənʹti:];гарантировать;verb
guideline;[ʹgaıdlaın];руководство;noun
habitat;[ʹhæbıtæt];среда обитания;noun
handle;[ʹhændl];ручка;noun
handle;[ʹhændl];справиться с;verb
harbour;[ʹhɑ:bə];гавань;noun
harm;[hɑ:m];вред;noun
harm;[hɑ:m];навредить;verb
harmful;[ʹhɑ:mf(ə)l];вредный;adjective
headquarters;[ʹhed͵kwɔ:təz];штаб;noun
heal;[hi:l];исцелить;verb
healthcare;[ʹhelθkər];здравоохранение;noun
hearing;[ʹhı(ə)rıŋ];слушание;noun
heaven;[ʹhev(ə)n];небо;noun
heel;[hi:l];пятка;noun
hell;[hel];ад;noun
helmet;[ʹhelmıt];шлем;noun
hence;[hens];следовательно;adverb
herb;[hɜ:b];трава;noun
hesitate;[ʹhezıteıt];стесняться;verb
hidden;[hıdn];скрытый;adjective
high;[haı];кайф;noun
highway;[ʹhaıweı];шоссе;noun
hilarious;[hıʹle(ə)rıəs];веселый;adjective
hip;[hıp];бедро;noun
hire;[ʹhaıə];прокат;noun
historian;[hıʹstɔ:rıən];историк;noun
hold;[həʋld];удержание;noun
hollow;[ʹhɒləʋ];полый;adjective
holy;[ʹhəʋlı];святой;adjective
homeless;[ʹhəʋmlıs];бездомный;adjective
honesty;[ʹɒnıstı];честность;noun
honour;[ʹɒnə];честь;noun
honour;[ʹɒnə];выполнить;verb
hook;[hʋk];крючок;noun
hopefully;[ʹhəʋpf(ə)lı];возможно;adverb
host;[həʋst];принимать;verb
house;[haʋs];разместить;verb
household;[ʹhaʋshəʋld];домохозяйство;noun
housing;[ʹhaʋzıŋ];жилье;noun
humorous;[ʹhju:m(ə)rəs];юмористический;adjective
humour;[ʹhju:mə];юмор;noun
hunger;[ʹhʌŋgə];голод;noun
hunt;[hʌnt];охота;noun
hunting;[ʹhʌntıŋ];охота;noun
hurt;[hɜ:t];боль;noun
hypothesis;[haıʹpɒθısıs];гипотеза;noun
icon;[ʹaıkɒn];икона;noun
id;[ıd];идентификатор;noun
ideal;[aıʹdıəl];идеал;noun
identical;[aıʹdentık(ə)l];идентичный;adjective
illusion;[ıʹlu:ʒ(ə)n];иллюзия;noun
illustrate;[ʹıləstreıt];иллюстрировать;verb
illustration;[͵ıləʹstreıʃ(ə)n];иллюстрация;noun
imagination;[ı͵mædʒıʹneıʃ(ə)n];воображение;noun
immigration;[͵ımıʹgreıʃ(ə)n];иммиграция;noun
immune;[ıʹmju:n];иммунный;adjective
impatient;[ımʹpeıʃ(ə)nt];нетерпеливый;adjective
implement;[ʹımplımənt];реализовать;verb
implication;[͵ımplıʹkeıʃ(ə)n];последствие;noun
imply;[ımʹplaı];подразумевать;verb
impose;[ınıʹpəʋz];ввести;verb
impress;[ʹımpres];впечатлить;verb
impressed;[ɪmʹprest];впечатленный;adjective
incentive;[ınʹsentıv];стимул;noun
inch;[ıntʃ];дюйм;noun
incident;[ʹınsıd(ə)nt];инцидент;noun
income;[ʹıŋkʌm];доход;noun
incorporate;[ınʹkɔ:p(ə)rıt];включить;verb
incorrect;[͵ınkəʹrekt];неправильный;adjective
increasingly;[ınʹkri:sıŋlı];все более;adverb
independence;[͵ındıʹpendəns];независимость;noun
index;[ʹındeks];индекс;noun
indication;[͵ındıʹkeıʃ(ə)n];указание;noun
industrial;[ınʹdʌstrıəl];промышленный;adjective
inevitable;[ıʹnevıtəb(ə)l];неизбежный;adjective
inevitably;[ıʹnevıtəblı];неизбежно;adverb
infection;[ınʹfekʃ(ə)n];инфекция;noun
infer;[ınʹfɜ:];сделать вывод;verb
inflation;[ınʹfleıʃ(ə)n];инфляция;noun
info;[ʹınfəʋ];информация;noun
inform;[ınʹfɔ:m];информировать;verb
infrastructure;[ʹınfrə͵strʌktʃə];инфраструктура;noun
inhabitant;[ınʹhæbıt(ə)nt];житель;noun
inherit;[ınʹherıt];наследовать;verb
initial;[ıʹnıʃ(ə)l];первоначальный;adjective
initially;[ıʹnıʃ(ə)lı];изначально;adverb
initiative;[ıʹnıʃətıv];инициатива;noun
ink;[ıŋk];чернила;noun
inner;[ʹınə];внутренний;adjective
innovation;[͵ınəʹveıʃ(ə)n];инновация;noun
innovative;[ʹınəveıtıv];инновационный;adjective
input;[ʹınpʋt];ввод;noun
inquiry;[ınʹkwaı(ə)rı];расследование;noun
insert;[ʹınsɜ:t];вставить;verb
insight;[ʹınsaıt];понимание;noun
insist;[ınʹsıst];настаивать;verb
inspector;[ınʹspektə];инспектор;noun
inspire;[ınʹspaıə];вдохновлять;verb
install;[ınʹstɔ:l];установить;verb
installation;[͵ınstəʹleıʃ(ə)n];установка;noun
instance;[ʹınstəns];инстанция;noun
instant;[ʹınstənt];мгновенный;adjective
instantly;[ʹınstəntlı];мгновенно;adverb
institute;[ʹınstıtju:t];институт;noun
institution;[͵ınstıʹtju:ʃ(ə)n];учреждение;noun
insurance;[ınʹʃʋ(ə)rəns];страхование;noun
integrate;[ʹıntıgrıt];интегрировать;verb
intellectual;[͵ıntıʹlektʃʋəl];интеллектуальный;adjective
intended;[ınʹtendıd];предназначенный;adjective
intense;[ınʹtens];интенсивный;adjective
interact;[ʹıntərækt];взаимодействовать;verb
interaction;[͵ıntəʹrækʃ(ə)n];взаимодействие;noun
internal;[ınʹtɜ:nl];внутренний;adjective
interpret;[ınʹtɜ:prıt];интерпретировать;verb
interpretation;[ın͵tɜ:prıʹteıʃ(ə)n];интерпретация;noun
interrupt;[͵ıntəʹrʌpt];прерывать;verb
interval;[ʹıntəv(ə)l];интервал;noun
invade;[ınʹveıd];вторгнуться в;verb
invasion;[ınʹveıʒ(ə)n];вторжение;noun
investigation;[ın͵vestıʹgeıʃ(ə)n];расследование;noun
investment;[ınʹvestmənt];инвестиция;noun
investor;[ınʹvestə];инвестор;noun
isolate;[ʹaısəleıt];изолировать;verb
isolated;[ʹaısəleıtıd];изолированный;adjective
issue;[ʹıʃu:];выдавать;verb
jail;[dʒeıl];тюрьма;noun
jail;[dʒeıl];посадить;verb
jet;[dʒet];самолет;noun
joint;[dʒɔınt];совместный;adjective
joint;[dʒɔınt];сустав;noun
journalism;[ʹdʒɜ:n(ə)lız(ə)m];журналистика;noun
joy;[dʒɔı];радость;noun
judgement;[ʹdʒʌdʒmənt];решение;noun
junior;[ʹdʒu:nıə];младший;adjective
jury;[ʹdʒʋ(ə)rı];жюри;noun
justice;[ʹdʒʌstıs];правосудие;noun
justify;[ʹdʒʌstıfaı];оправдать;verb
kit;[kıt];комплект;noun
labour;[ʹleıbə];труд;noun
ladder;[ʹlædə];лестница;noun
landing;[ʹlændıŋ];посадка;noun
landscape;[ʹlændskeıp];ландшафт;noun
lane;[leın];переулок;noun
largely;[ʹlɑ:dʒlı];в основном;adverb
lately;[ʹleıtlı];в последнее время;adverb
latest;[ʹleıtıst];последняя версия;noun
launch;[lɔ:ntʃ];запуск;noun
launch;[lɔ:ntʃ];запустить;verb
leadership;[ʹli:dəʃıp];руководство;noun
leaflet;[ʹli:flıt];листовка;noun
league;[li:g];лига;noun
lean;[li:n];склоняться;verb
leave;[li:v];отпуск;noun
legend;[ʹledʒ(ə)nd];легенда;noun
lens;[lenz];линза;noun
level;[ʹlev(ə)l];выровнять;verb
licence;[ʹlaıs(ə)ns];лицензия;noun
lifetime;[ʹlaıftaım];жизнь;noun
lighting;[ʹlaıtıŋ];освещение;noun
likewise;[ʹlaıkwaız];также;adverb
limitation;[͵lımıʹteıʃ(ə)n];ограничение;noun
limited;[ʹlımıtıd];ограниченный;adjective
line;[laın];выстроить;verb
literally;[ʹlıt(ə)rəlı];буквально;adverb
literary;[ʹlıt(ə)rərı];литературный;adjective
litre;[ʹli:tə];литр;noun
litter;[ʹlıtə];мусор;noun
lively;[ʹlaıvlı];оживленный;adjective
load;[ləʋd];нагрузка;noun
load;[ləʋd];загрузить;verb
loan;[ləʋn];кредит;noun
logical;[ʹlɒdʒık(ə)l];логический;adjective
logo;[ʹlɒgəʋ];логотип;noun
long-term;[lɒŋ]-[tɜ:m];долгосрочный;adjective
long-term;[lɒŋ]-[tɜ:m];в долгосрочной перспективе;adverb
loose;[lu:s];свободный;adjective
lord;[lɔ:d];господь;noun
lottery;[ʹlɒt(ə)rı];лотерея;noun
low;[ləʋ];минимум;noun
lower;[ʹləʋə];снизить;verb
loyal;[ʹlɔıəl];лояльный;adjective
lung;[lʌŋ];легкое;noun
lyric;[ʹlırık];лирик;noun
magnificent;[mægʹnıfıs(ə)nt];великолепный;adjective
maintain;[meınʹteın];поддерживать;verb
majority;[məʹdʒɒrıtı];большинство;noun
make;[meık];марка;noun
make-up;[meık]-[ʌp];макияж;noun
making;[ʹmeıkıŋ];создание;noun
manufacture;[͵mænjʋʹfæktʃə];производить;verb
manufacturing;[͵mænjʋʹfæktʃ(ə)rıŋ];производство;noun
map;[mæp];отобразить;verb
marathon;[ʹmærəθən];марафон;noun
margin;[ʹmɑ:dʒın];маржа;noun
marker;[ʹmɑ:kə];маркер;noun
martial;[ʹmɑ:ʃ(ə)l];боевой;adjective
mass;[mæs];массовый;adjective
mass;[mæs];масса;noun
massive;[ʹmæsıv];массивный;adjective
master;[ʹmɑ:stə];мастер;noun
master;[ʹmɑ:stə];освоить;verb
matching;[ʹmætʃıŋ];соответствующий;adjective
mate;[meıt];приятель;noun
mate;[meıt];спариваться;verb
material;[məʹtı(ə)rıəl];материальный;adjective
maximum;[ʹmæksıməm];максимальный;adjective
maximum;[ʹmæksıməm];максимум;noun
mayor;[meə];мэр;noun
means;[mi:nz];средства;noun
measurement;[ʹmeʒəmənt];измерение;noun
mechanic;[mıʹkænık];механик;noun
mechanical;[mıʹkænık(ə)l];механический;adjective
mechanism;[ʹmekənız(ə)m];механизм;noun
medal;[medl];медаль;noun
medication;[͵medıʹkeıʃ(ə)n];лекарство;noun
medium;[ʹmi:dıəm];среда;noun
melt;[melt];таять;verb
membership;[ʹmembəʃıp];членство;noun
memorable;[ʹmem(ə)rəb(ə)l];памятный;adjective
metaphor;[ʹmetəfə];метафора;noun
military;[ʹmılıt(ə)rı];военный;adjective
military;[ʹmılıt(ə)rı];армия;noun
miner;[ʹmaınə];шахтер;noun
mineral;[ʹmın(ə)rəl];минерал;noun
minimum;[ʹmınıməm];минимальный;adjective
minimum;[ʹmınıməm];минимум;noun
minister;[ʹmınıstə];министр;noun
minor;[ʹmaınə];незначительный;adjective
minority;[maıʹnɒrıtı];меньшинство;noun
miserable;[ʹmız(ə)rəb(ə)l];несчастный;adjective
mission;[ʹmıʃ(ə)n];миссия;noun
mistake;[mıʹsteık];ошибиться;verb
mixed;[mıkst];смешанный;adjective
mode;[məʋd];режим;noun
model;[mɒdl];моделировать;verb
modest;[ʹmɒdıst];скромный;adjective
modify;[ʹmɒdıfaı];изменить;verb
monitor;[ʹmɒnıtə];монитор;noun
monitor;[ʹmɒnıtə];контролировать;verb
monster;[ʹmɒnstə];монстр;noun
monthly;[ʹmʌnθlı];ежемесячный;adjective
monument;[ʹmɒnjʋmənt];памятник;noun
moral;[ʹmɒrəl];моральный;adjective
moral;[ʹmɒrəl];мораль;noun
moreover;[mɔ:ʹrəʋvə];кроме того;adverb
mortgage;[ʹmɔ:gıdʒ];ипотека;noun
mosque;[mɒsk];мечеть;noun
motion;[ʹməʋʃ(ə)n];движение;noun
motivate;[ʹməʋtıveıt];мотивировать;verb
motivation;[͵məʋtıʹveıʃ(ə)n];мотивация;noun
motor;[ʹməʋtə];моторный;adjective
motor;[ʹməʋtə];двигатель;noun
mount;[maʋnt];установить;verb
moving;[ʹmu:vıŋ];движущийся;adjective
multiple;[ʹmʌltıp(ə)l];многочисленный;adjective
multiply;[ʹmʌltıplı];размножаться;verb
mysterious;[mıʹstı(ə)rıəs];таинственный;adjective
myth;[mıθ];миф;noun
naked;[ʹneıkıd];голый;adjective
narrow;[ʹnærəʋ];сузить;verb
nasty;[ʹnɑ:stı];неприятный;adjective
national;[ʹnæʃ(ə)nəl];страны;noun
navigation;[͵nævıʹgeıʃ(ə)n];навигация;noun
nearby;[ʹnıəbaı];близлежащий;adjective
nearby;[ʹnıəbaı];рядом;adverb
neat;[ni:t];аккуратный;adjective
necessity;[nıʹsesıtı];необходимость;noun
negative;[ʹnegətıv];негатив;noun
negotiate;[nıʹgəʋʃıeıt];вести переговоры;verb
negotiation;[nı͵gəʋʃıʹeıʃ(ə)n];переговоры;noun
nerve;[nɜ:v];нерв;noun
neutral;[ʹnju:trəl];нейтральный;adjective
nevertheless;[͵nevəðəʹles];тем не менее;adverb
newly;[ʹnju:lı];недавно;adverb
nightmare;[ʹnaıtmeə];кошмар;noun
norm;[nɔ:m];норма;noun
notebook;[ʹnəʋtbʋk];ноутбук;noun
notion;[ʹnəʋʃ(ə)n];понятие;noun
novelist;[ʹnɒv(ə)lıst];писатель;noun
nowadays;[ʹnaʋədeız];сегодня;adverb
numerous;[ʹnju:m(ə)rəs];многочисленный;adjective
nursing;[ʹnɜ:sıŋ];медсестра;noun
nutrition;[nju:ʹtrıʃ(ə)n];питание;noun
obesity;[əʋʹbi:sıtı];ожирение;noun
obey;[ə(ʋ)ʹbeı];подчиняться;verb
object;[ʹɒbdʒekt];возражать;verb
objective;[əbʹdʒektıv];объективный;adjective
objective;[əbʹdʒektıv];цель;noun
obligation;[͵ɒblıʹgeıʃ(ə)n];обязательство;noun
observation;[͵ɒbzəʹveıʃ(ə)n];наблюдение;noun
observe;[əbʹzɜ:v];соблюдать;verb
observer;[əbʹzɜ:və];наблюдатель;noun
obstacle;[ʹɒbstək(ə)l];препятствие;noun
obtain;[əbʹteın];получить;verb
occasionally;[əʹkeıʒ(ə)nəlı];иногда;adverb
occupation;[͵ɒkjʋʹpeıʃ(ə)n];оккупация;noun
occupy;[ʹɒkjʋpaı];занимать;verb
offence;[əʹfens];преступление;noun
offend;[əʹfend];обидеть;verb
offender;[əʹfendə];преступник;noun
offensive;[əʹfensıv];наступательный;adjective
official;[əʹfıʃ(ə)l];чиновник;noun
ongoing;[ʹɒn͵gəʋıŋ];текущий;adjective
opening;[ʹəʋp(ə)nıŋ];открытие;noun
openly;[ʹəʋp(ə)nlı];открыто;adverb
opera;[ʹɒp(ə)rə];опера;noun
operate;[ʹɒpəreıt];работать;verb
operator;[ʹɒpəreıtə];оператор;noun
opponent;[əʹpəʋnənt];противник;noun
oppose;[əʹpəʋz];выступать против;verb
opposed;[ə'pəuzd];противоположный;adjective
opposition;[͵ɒpəʹzıʃ(ə)n];оппозиция;noun
optimistic;[,ɔpti'mistik(əl)];оптимистичный;adjective
orchestra;[ʹɔ:kıstrə];оркестр;noun
organ;[ʹɔ:gən];орган;noun
organic;[ɔ:ʹgænık];органический;adjective
origin;[ʹɒrıdʒın];происхождение;noun
otherwise;[ʹʌðəwaız];иначе;adverb
outcome;[ʹaʋtkʌm];результат;noun
outer;[ʹaʋtə];внешний;adjective
outfit;[ʹaʋt͵fıt];наряд;noun
outline;[ʹaʋtlaın];набросок;noun
outline;[ʹaʋtlaın];наметить;verb
output;[ʹaʋtpʋt];производство;noun
outstanding;[aʋtʹstændıŋ];выдающийся;adjective
overall;[ʹəʋvərɔ:l];общий;adjective
overall;[ʹəʋvərɔ:l];в целом;adverb
overcome;[͵əʋvəʹkʌm];преодолеть;verb
overnight;[͵əʋvəʹnaıt];в одночасье;adverb
overseas;[,əuvə'si:(z)];зарубежный;adjective
overseas;[,əuvə'si:(z)];за рубежом;adverb
owe;[əʋ];задолжать;verb
ownership;[ʹəʋnəʃıp];собственность;noun
oxygen;[ʹɒksıdʒ(ə)n];кислород;noun
pace;[peıs];темп;noun
pace;[peıs];шагать;verb
package;[ʹpækıdʒ];упаковывать;verb
packet;[ʹpækıt];пакет;noun
palm;[pɑ:m];пальма;noun
panel;[ʹpænl];группа;noun
panic;[ʹpænık];паника;noun
parade;[pəʹreıd];парад;noun
parallel;[ʹpærəlel];параллельный;adjective
parallel;[ʹpærəlel];параллель;noun
parliament;[ʹpɑ:ləmənt];парламент;noun
part-time;[pɑ:t]-[taım];на полставки;adjective
participant;[pɑ:ʹtısıpənt];участник;noun
participation;[pɑ:͵tısıʹpeıʃ(ə)n];участие;noun
partly;[ʹpɑ:tlı];частично;adverb
partnership;[ʹpɑ:tnəʃıp];партнерство;noun
passage;[ʹpæsıdʒ];проход;noun
passionate;[ʹpæʃ(ə)nıt];страстный;adjective
password;[ʹpɑ:swɜ:d];пароль;noun
patience;[ʹpeıʃ(ə)ns];терпение;noun
patient;[ʹpeıʃ(ə)nt];больной;adjective
pause;[pɔ:z];пауза;noun
pause;[pɔ:z];приостановить;verb
peer;[pıə];сверстник;noun
penalty;[ʹpenltı];наказание;noun
pension;[ʹpenʃ(ə)n];пенсия;noun
perceive;[pəʹsi:v];воспринимать;verb
perception;[pəʹsepʃ(ə)n];восприятие;noun
permanent;[ʹpɜ:mənənt];постоянный;adjective
permanently;[ʹpɜ:mənəntlı];постоянно;adverb
permit;[ʹpɜ:mıt];разрешение;noun
permit;[ʹpɜ:mıt];позволить;verb
perspective;[pəʹspektıv];перспектива;noun
phase;[feız];этап;noun
phenomenon;[fıʹnɒmınən];явление;noun
philosophy;[fıʹlɒsəfı];философия;noun
pick;[pık];выбор;noun
picture;[ʹpıktʃə];представить;verb
pile;[paıl];куча;noun
pile;[paıl];складывать;verb
pill;[pıl];таблетка;noun
pitch;[pıtʃ];поле;noun
pity;[ʹpıtı];жалость;noun
placement;[ʹpleısmənt];размещение;noun
plain;[pleın];простой;adjective
plot;[plɒt];проложить;verb
plus;[plʌs];положительный;adjective
plus;[plʌs];а также;conjunction
plus;[plʌs];плюс;noun
pointed;[ʹpɔıntıd];заостренный;adjective
popularity;[͵pɒpjʋʹlærıtı];популярность;noun
portion;[ʹpɔ:ʃ(ə)n];часть;noun
pose;[pəʋz];представлять;verb
position;[pəʹzıʃ(ə)n];позиционировать;verb
positive;[ʹpɒzıtıv];позитив;noun
possess;[pəʹzes];обладать;verb
potential;[pəʹtenʃ(ə)l];потенциальный;adjective
potential;[pəʹtenʃ(ə)l];потенциал;noun
potentially;[pəʹtɛnʃ(ə)li];потенциально;adverb
power;[ʹpaʋə];питать;verb
praise;[preız];похвала;noun
praise;[preız];хвалить;verb
precede;[prıʹsi:d];предшествовать;verb
precious;[ʹpreʃəs];драгоценный;adjective
precise;[prıʹsaıs];точный;adjective
precisely;[prıʹsaıslı];именно;adverb
predictable;[prıʹdıktəb(ə)l];предсказуемый;adjective
preference;[ʹpref(ə)rəns];предпочтение;noun
pregnant;[ʹpregnənt];беременный;adjective
preparation;[͵prepəʹreıʃ(ə)n];подготовка;noun
presence;[ʹprez(ə)ns];присутствие;noun
preserve;[prıʹzɜ:v];сохранить;verb
price;[praıs];стоить;verb
pride;[praıd];гордость;noun
primarily;[ʹpraım(ə)rəlı];прежде всего;adverb
prime;[praım];главный;adjective
principal;[ʹprınsıp(ə)l];основной;adjective
principle;[ʹprınsıp(ə)l];принцип;noun
print;[prınt];печать;noun
prior;[ʹpraıə];предварительный;adjective
priority;[praıʹɒrıtı];приоритет;noun
privacy;[ʹpr(a)ıvəsı];конфиденциальность;noun
probability;[͵prɒbəʹbılıtı];вероятность;noun
probable;[ʹprɒbəb(ə)l];вероятный;adjective
procedure;[prəʹsi:dʒə];процедура;noun
proceed;[prəʹsi:d];приступить;verb
process;[ʹprəʋsəs];обрабатывать;verb
produce;[ʹprɒdju:s];производство;noun
professional;[prəʹfeʃ(ə)nəl];профессионал;noun
programming;[ʹprəʋgræmıŋ];программирование;noun
progress;[ʹprəʋgres];прогрессировать;verb
progressive;[prəʹgresıv];прогрессивный;adjective
prohibit;[prəʹhıbıt];запрещать;verb
project;[ʹprɒdʒəkt];проецировать;verb
promising;[ʹprɒmısıŋ];перспективный;adjective
promotion;[prəʹməʋʃ(ə)n];поощрение;noun
prompt;[prɒmpt];побудить;verb
proof;[pru:f];доказательство;noun
proportion;[prəʹpɔ:ʃ(ə)n];доля;noun
proposal;[prəʹpəʋz(ə)l];предложение;noun
propose;[prəʹpəʋz];предлагать;verb
prospect;[ʹprɒspekt];перспектива;noun
protection;[prəʹtekʃ(ə)n];защита;noun
protein;[ʹprəʋti:n];белок;noun
protester;[prəʹtestə];протестующий;noun
psychological;[,saikə'lɔdʒik(əl)];психологический;adjective
psychologist;[saıʹkɒlədʒıst];психолог;noun
psychology;[saıʹkɒlədʒı];психология;noun
publication;[͵pʌblıʹkeıʃ(ə)n];публикация;noun
publicity;[pʌʹblısıtı];реклама;noun
publishing;[ʹpʌblıʃıŋ];публикация;noun
punk;[pʌŋk];панк;noun
pupil;[ʹpju:p(ə)l];ученик;noun
purchase;[ʹpɜ:tʃıs];покупка;noun
purchase;[ʹpɜ:tʃıs];приобрести;verb
pure;[pjʋə];чистый;adjective
purely;[ʹpjʋəlı];чисто;adverb
pursue;[pəʹsju:];преследовать;verb
pursuit;[pəʹsju:t];преследование;noun
puzzle;[ʹpʌz(ə)l];головоломка;noun
questionnaire;[͵k(w)estʃəʹneə];вопросник;noun
racial;[ʹreıʃ(ə)l];расовый;adjective
racism;[ʹreısız(ə)m];расизм;noun
racist;[ʹreısıst];расистский;adjective
racist;[ʹreısıst];расист;noun
radiation;[͵reıdıʹeıʃ(ə)n];излучение;noun
rail;[reıl];рельс;noun
random;[ʹrændəm];случайный;adjective
range;[reındʒ];варьироваться;verb
rank;[ræŋk];ранг;noun
rank;[ræŋk];ранжировать;verb
rapid;[ʹræpıd];быстрый;adjective
rapidly;['ræpidli];быстро;adverb
rat;[ræt];крыса;noun
rate;[reıt];оценить;verb
rating;[ʹreıtıŋ];рейтинг;noun
raw;[rɔ:];сырой;adjective
reach;[ri:tʃ];достижение;noun
realistic;[rıəʹlıstık];реалистичный;adjective
reasonable;[ʹri:z(ə)nəb(ə)l];разумный;adjective
reasonably;[ʹri:z(ə)nəblı];разумно;adverb
rebuild;[͵ri:ʹbıld];восстановить;verb
recall;[rıʹkɔ:l];напомнить;verb
receiver;[rıʹsi:və];приемник;noun
recession;[rıʹseʃ(ə)n];рецессия;noun
reckon;[ʹrekən];считать;verb
recognition;[͵ri:ekəgʹnıʃ(ə)n];признание;noun
recover;[rıʹkʌvə];восстановить;verb
recovery;[rıʹkʌv(ə)rı];восстановление;noun
recruit;[rıʹkru:t];вербовка;noun
recruit;[rıʹkru:t];набирать;verb
recruitment;[rıʹkru:tmənt];вербовка;noun
reduction;[rıʹdʌkʃ(ə)n];сокращение;noun
referee;[͵refəʹri:];судья;noun
refugee;[͵refjʋʹdʒi:];беженец;noun
regard;[rıʹgɑ:d];связи;noun
regard;[rıʹgɑ:d];считать;verb
regional;[ʹri:dʒ(ə)nəl];региональный;adjective
register;[ʹredʒıstə];реестр;noun
register;[ʹredʒıstə];зарегистрироваться;verb
registration;[͵redʒıʹstreıʃ(ə)n];регистрация;noun
regret;[rıʹgret];сожаление;noun
regret;[rıʹgret];пожалеть;verb
regulate;[ʹregjʋleıt];регулировать;verb
regulation;[͵regjʋʹleıʃ(ə)n];регулирование;noun
reinforce;[ri:ınʹfɔ:s];укрепить;verb
relatively;[ʹrelətıvlı];относительно;adverb
relevant;[ʹrelıv(ə)nt];соответствующий;adjective
relief;[rıʹli:f];облегчение;noun
relieve;[rıʹli:v];облегчить;verb
relieved;[rɪʹliːvd];рад;adjective
rely;[rıʹlaı];полагаться;verb
remark;[rıʹmɑ:k];замечание;noun
remark;[rıʹmɑ:k];заметить;verb
remarkable;[rıʹmɑ:kəb(ə)l];замечательный;adjective
remarkably;[rıʹmɑ:kəblı];удивительно;adverb
reporting;[rıʹpɔ:tıŋ];отчетность;noun
representative;[͵reprıʹzentətıv];представительный;adjective
representative;[͵reprıʹzentətıv];представитель;noun
reputation;[͵repjʋʹteıʃ(ə)n];репутация;noun
requirement;[rıʹkwaıəmənt];требование;noun
rescue;[ʹreskju:];спасение;noun
rescue;[ʹreskju:];спасти;verb
reserve;[rıʹzɜ:v];резерв;noun
reserve;[rıʹzɜ:v];зарезервировать;verb
resident;[ʹrezıd(ə)nt];постоянный;adjective
resident;[ʹrezıd(ə)nt];житель;noun
resign;[͵ri:ʹsaın];уйти;verb
resist;[rıʹzıst];сопротивляться;verb
resolution;[͵rezəʹlu:ʃ(ə)n];резолюция;noun
resolve;[rıʹzɒlv];решить;verb
resort;[rıʹzɔ:t];курорт;noun
restore;[rıʹstɔ:];восстановить;verb
restrict;[rıʹstrıkt];ограничивать;verb
restriction;[rıʹstrıkʃ(ə)n];ограничение;noun
retail;[ʹri:teıl];розница;noun
retain;[rıʹteın];сохранить;verb
retirement;[rıʹtaıəmənt];пенсия;noun
reveal;[rıʹvi:l];раскрыть;verb
revenue;[ʹrevınju:];доход;noun
revision;[rıʹvıʒ(ə)n];пересмотр;noun
revolution;[͵revəʹlu:ʃ(ə)n];революция;noun
reward;[rıʹwɔ:d];награда;noun
reward;[rıʹwɔ:d];вознаградить;verb
rhythm;[ʹrıð(ə)m];ритм;noun
rid;[rıd];избавить;verb
ridiculous;[rıʹdıkjʋləs];смешной;adjective
risky;[ʹrıskı];рискованный;adjective
rival;[ʹraıv(ə)l];конкурирующий;adjective
rival;[ʹraıv(ə)l];соперник;noun
rob;[rɒb];ограбить;verb
robbery;[ʹrɒb(ə)rı];ограбление;noun
rocket;[ʹrɒkıt];ракета;noun
romance;[rə(ʋ)ʹmæns];роман;noun
root;[ru:t];корень;noun
rose;[rəʋz];роза;noun
roughly;[ʹrʌflı];примерно;adverb
round;[raʋnd];раунд;noun
routine;[ru:ʹti:n];рутинный;adjective
rub;[rʌb];потереть;verb
rubber;[ʹrʌbə];резиновый;adjective
rubber;[ʹrʌbə];резина;noun
ruin;[ʹru:ın];руина;noun
ruin;[ʹru:ın];испортить;verb
rural;[ʹrʋ(ə)rəl];сельский;adjective
rush;[rʌʃ];спешка;noun
rush;[rʌʃ];спешить;verb
sample;[ʹsɑ:mp(ə)l];попробовать;verb
satellite;[ʹsæt(ı)laıt];спутник;noun
satisfaction;[͵sætısʹfækʃ(ə)n];удовлетворение;noun
satisfied;[ʹsætısfaıd];удовлетворенный;adjective
satisfy;[ʹsætısfaı];удовлетворить;verb
saving;[ʹseıvıŋ];спасение;noun
scale;[skeıl];масштаб;noun
scandal;[ʹskændl];скандал;noun
scare;[skeə];страх;noun
scare;[skeə];пугать;verb
scenario;[sıʹnɑ:rıəʋ];сценарий;noun
schedule;[ʹʃedju:l];запланировать;verb
scheme;[ski:m];схема;noun
scholar;[ʹskɒlə];ученый;noun
scholarship;[ʹskɒləʃıp];стипендия;noun
scratch;[skrætʃ];царапина;noun
scratch;[skrætʃ];поцарапать;verb
scream;[skri:m];крик;noun
scream;[skri:m];кричать;verb
screen;[skri:n];проверять;verb
screening;[ʹskri:nıŋ];скрининг;noun
seat;[si:t];садиться;verb
sector;[ʹsektə];сектор;noun
secure;[sıʹkjʋə];безопасный;adjective
secure;[sıʹkjʋə];защитить;verb
seek;[si:k];искать;verb
seeker;[ʹsi:kə];искатель;noun
select;[sıʹlekt];выбрать;verb
selection;[sıʹlekʃ(ə)n];выбор;noun
self;[self];себя;noun
seminar;[ʹsemınɑ:];семинар;noun
senior;[ʹsi:nıə];старший;adjective
sense;[sens];чувствовать;verb
sensitive;[ʹsensıtıv];чувствительный;adjective
sentence;[ʹsentəns];приговорить;verb
sequence;[ʹsi:kwəns];последовательность;noun
session;[ʹseʃ(ə)n];сессия;noun
settle;[ʹsetl];урегулировать;verb
settler;[ʹsetlə];поселенец;noun
severe;[sıʹvıə];тяжелый;adjective
severely;[sıʹvıəlı];серьезно;adverb
sexy;[ʹseksı];сексуальный;adjective
shade;[ʃeıd];тень;noun
shadow;[ʹʃædəʋ];тень;noun
shallow;[ʹʃæləʋ];мелкий;adjective
shame;[ʃeım];стыд;noun
shape;[ʃeıp];формировать;verb
shaped;[ʃeıpt];сформированный;adjective
shelter;[ʹʃeltə];жилье;noun
shelter;[ʹʃeltə];укрыться;verb
shift;[ʃıft];изменить;verb
ship;[ʃıp];отправить;verb
shock;[ʃɒk];шок;noun
shock;[ʃɒk];шокировать;verb
shocked;[ʃɒkt];шокированный;adjective
shocking;[ʹʃɒkıŋ];шокирующий;adjective
shooting;[ʹʃu:tıŋ];стрельба;noun
shore;[ʃɔ:];берег;noun
short-term;[ʃɔ:t]-[tɜ:m];краткосрочный;adjective
shortage;[ʹʃɔ:tıdʒ];нехватка;noun
shortly;[ʹʃɔ:tlı];вскоре;adverb
shot;[ʃɒt];выстрел;noun
sibling;[ʹsıblıŋ];брат;noun
signature;[ʹsıgnɒtʃə];подпись;noun
significance;[sıgʹnıfıkəns];значение;noun
significant;[sıgʹnıfıkənt];значительный;adjective
significantly;[sig'nifikəntli];значительно;adverb
silence;[ʹsaıləns];молчание;noun
silk;[sılk];шелк;noun
sincere;[sınʹsıə];искренний;adjective
skilled;[skıld];квалифицированный;adjective
skull;[skʌl];череп;noun
slave;[sleıv];раб;noun
slide;[slaıd];слайд;noun
slide;[slaıd];скользить;verb
slight;[slaıt];небольшой;adjective
slip;[slıp];проскользнуть;verb
slogan;[ʹsləʋgən];лозунг;noun
slope;[sləʋp];склон;noun
slope;[sləʋp];клониться;verb
so-called;[səʋ]-called;так называемый;adjective
solar;[ʹsəʋlə];солнечный;adjective
somehow;[ʹsʌmhaʋ];как-то;adverb
sometime;[ʹsʌmtaım];где-то;adverb
somewhat;[ʹsʌmwɒt];несколько;adverb
sophisticated;[səʹfıstıkeıtıd];сложный;adjective
soul;[səʋl];душа;noun
spare;[speə];запасной;adjective
specialist;[ʹspeʃ(ə)lıst];специализированный;adjective
specialist;[ʹspeʃ(ə)lıst];специалист;noun
specialize;[ʹspeʃəlaız];специализироваться;verb
species;[ʹspi:ʃi:z];виды;noun
specify;[ʹspesıfaı];указать;verb
spectacular;[spekʹtækjʋlə];впечатляющий;adjective
spectator;[spekʹteıtə];зритель;noun
speculate;[ʹspekjʋleıt];спекулировать;verb
speculation;[͵spekjʋʹleıʃ(ə)n];спекуляция;noun
speed;[spi:d];ускорять;verb
spice;[spaıs];специя;noun
spill;[spıl];пролить;verb
spiritual;[ʹspırıtʃʋəl];духовный;adjective
spite;[spaıt];злоба;noun
split;[splıt];раскол;noun
split;[splıt];разделить;verb
spoil;[spɔıl];испортить;verb
spokesman;[ʹspəʋksmən];представитель;noun
spokesperson;[ʹspəʋks͵pɜ:s(ə)n];представитель;noun
spokeswoman;[ʹspəʋks͵wʋmən];пресс-секретарь;noun
sponsor;[ʹspɒnsə];спонсор;noun
sponsor;[ʹspɒnsə];спонсировать;verb
sponsorship;[ʹspɒnsəʃıp];спонсорство;noun
sporting;[ʹspɔ:tıŋ];спортивный;adjective
spot;[spɒt];обнаружить;verb
spread;[spred];распространение;noun
spring;[sprıŋ];проистекать;verb
stable;[ʹsteıb(ə)l];стабильный;adjective
stage;[steıdʒ];устроить;verb
stall;[stɔ:l];кабинка;noun
stance;[stɑ:ns];позиция;noun
stand;[stænd];стенд;noun
stare;[steə];смотреть;verb
starve;[stɑ:v];голодать;verb
status;[ʹsteıtəs];статус;noun
steadily;[ʹstedɪlɪ];неуклонно;adverb
steady;[ʹstedı];устойчивый;adjective
steam;[sti:m];пар;noun
steel;[sti:l];сталь;noun
steep;[sti:p];крутой;adjective
step;[step];выйти;verb
sticky;[ʹstıkı];липкий;adjective
stiff;[stıf];жесткий;adjective
stimulate;[ʹstımjʋleıt];стимулировать;verb
stock;[stɒk];акция;noun
stream;[stri:m];поток;noun
strengthen;[ʹstreŋθ(ə)n];укрепить;verb
stretch;[stretʃ];участок;noun
stretch;[stretʃ];растягиваться;verb
strict;[strıkt];строгий;adjective
strictly;[ʹstrıktlı];строго;adverb
strike;[straık];забастовка;noun
strike;[straık];ударить;verb
stroke;[strəʋk];инсульт;noun
structure;[ʹstrʌktʃə];структурировать;verb
struggle;[ʹstrʌg(ə)l];борьба;noun
struggle;[ʹstrʌg(ə)l];бороться;verb
stuff;[stʌf];засунуть;verb
stunning;[ʹstʌnıŋ];потрясающий;adjective
subject;[ʹsʌbdʒıkt];подлежащий;adjective
submit;[səbʹmıt];представить;verb
subsequent;[ʹsʌbsıkwənt];последующий;adjective
subsequently;[ʹsʌbsıkwəntlı];впоследствии;adverb
suburb;[ʹsʌbɜ:b];пригород;noun
suffering;[ʹsʌf(ə)rıŋ];страдание;noun
sufficient;[səʹfıʃ(ə)nt];достаточный;adjective
sufficiently;[səʹfıʃ(ə)ntlı];достаточно;adverb
sum;[sʌm];сумма;noun
sum;[sʌm];суммировать;verb
super;[ʹs(j)u:pə];супер;adjective
surgeon;[ʹsɜ:dʒ(ə)n];хирург;noun
surgery;[ʹsɜ:dʒ(ə)rı];операция;noun
surround;[səʹraʋnd];окружать;verb
surrounding;[səʹraʋndıŋ];окружающий;adjective
survey;[ʹsɜ:veı];опросить;verb
survival;[səʹvaıv(ə)l];выживание;noun
survivor;[səʹvaıvə];переживший;noun
suspect;[ʹsʌspekt];подозреваемый;noun
suspect;[ʹsʌspekt];подозревать;verb
suspend;[səʹspend];приостановить;verb
sustainable;[sə'steinəbl];устойчивый;adjective
swallow;[ʹswɒləʋ];проглотить;verb
swear;[sweə];клясться;verb
sweep;[swi:p];подметать;verb
switch;[swıtʃ];переключатель;noun
sympathetic;[͵sımpəʹθetık];сочувствующий;adjective
sympathy;[ʹsımpəθı];сочувствие;noun
tackle;[ʹtæk(ə)l];решать;verb
tag;[tæg];тег;noun
tag;[tæg];пометить;verb
tale;[teıl];сказка;noun
tank;[tæŋk];танк;noun
tap;[tæp];кран;noun
tap;[tæp];нажать;verb
target;[ʹtɑ:gıt];нацелить;verb
tear;[teə];слеза;noun
tear;[teə];разорвать;verb
technological;[,teknə'lɔdʒik(əl)];технологический;adjective
teens;[ti:nz];подростки;noun
temple;[ʹtemp(ə)l];храм;noun
temporarily;[ʹtemp(ə)rərılı];временно;adverb
temporary;[ʹtemp(ə)rərı];временный;adjective
tendency;[ʹtendənsı];тенденция;noun
tension;[ʹtenʃ(ə)n];напряженность;noun
term;[tɜ:m];называть;verb
terminal;[ʹtɜ:mın(ə)l];терминал;noun
terms;terms[МН.Ч.];условия;noun
terribly;[ʹterəblı];ужасно;adverb
terrify;[ʹterıfaı];пугать;verb
territory;[ʹterıt(ə)rı];территория;noun
terror;[ʹterə];террор;noun
terrorism;[ʹterərız(ə)m];терроризм;noun
terrorist;[ʹterərıst];террорист;noun
testing;[ʹtestıŋ];тестирование;noun
textbook;[ʹtekstbʋk];учебник;noun
theft;[θeft];кража;noun
therapist;[ʹθerəpıst];терапевт;noun
therapy;[ʹθerəpı];терапия;noun
thesis;[ʹθi:sıs];диссертация;noun
thorough;[ʹθʌrə];тщательный;adjective
thoroughly;[ʹθʌrəlı];тщательно;adverb
threat;[θret];угроза;noun
threaten;[ʹθretn];угрожать;verb
thumb;[θʌm];большой палец;noun
thus;[θʌs];таким образом;adverb
time;[taım];приурочивать;verb
timing;[ʹtaımıŋ];срок;noun
tissue;[ʹtıʃu:];ткань;noun
title;[ʹtaıtl];называться;verb
ton;[tʌn];тонна;noun
tone;[təʋn];тон;noun
tonne;[tʌn];тонна;noun
tough;[tʌf];жесткий;adjective
tournament;[ʹtʋənəmənt];турнир;noun
trace;[treıs];проследить;verb
track;[træk];отслеживать;verb
trading;[ʹtreıdıŋ];торговля;noun
tragedy;[ʹtrædʒıdı];трагедия;noun
tragic;['trædʒik(əl)];трагический;adjective
trait;[treı(t)];черта;noun
transfer;[ʹtrænsfɜ:];передача;noun
transfer;[ʹtrænsfɜ:];передавать;verb
transform;[ʹtrænsfɔ:m];превратить;verb
transition;[trænʹzıʃ(ə)n];переход;noun
transmit;[trænzʹmıt];передавать;verb
transportation;[͵trænspɔ:ʹteıʃ(ə)n];транспорт;noun
trap;[træp];ловушка;noun
trap;[træp];поймать;verb
treasure;[ʹtreʒə];сокровище;noun
trial;[ʹtraıəl];суд;noun
tribe;[traıb];племя;noun
trigger;[ʹtrıgə];вызвать;verb
trillion;[ʹtrıljən];триллион;number
trip;[trıp];путешествовать;verb
troop;[tru:p];войско;noun
tropical;[ʹtrɒpık(ə)l];тропический;adjective
trouble;[ʹtrʌb(ə)l];беспокоить;verb
truly;[ʹtru:lı];действительно;adverb
trust;[trʌst];доверие;noun
trust;[trʌst];доверять;verb
try;[traı];попытка;noun
tsunami;[tsʋʹnɑ:mı];цунами;noun
tune;[tju:n];мелодия;noun
tunnel;[ʹtʌnl];туннель;noun
ultimate;[ʹʌltımıt];конечный;adjective
ultimately;[ʹʌltımıtlı];в конечном счете;adverb
unacceptable;[͵ʌnəkʹseptəb(ə)l];неприемлемый;adjective
uncertainty;[ʌnʹsɜ:t(ə)ntı];неопределенность;noun
unconscious;[ʌnʹkɒnʃəs];бессознательный;adjective
undergo;[͵ʌndəʹgəʋ];пройти;verb
undertake;[͵ʌndəʹteık];провести;verb
unexpected;[͵ʌnıkʹspektıd];неожиданный;adjective
unfold;[ʌnʹfəʋld];разворачиваться;verb
unfortunate;[ʌnʹfɔ:tʃʋnıt];несчастный;adjective
unique;[ju:ʹni:k];уникальный;adjective
unite;[ju:ʹnaıt];объединить;verb
unity;[ʹju:nıtı];единство;noun
universal;[͵ju:nıʹvɜ:s(ə)l];универсальный;adjective
universe;[ʹju:nıvɜ:s];вселенная;noun
unknown;[ʌnʹnəʋn];неизвестный;adjective
upper;[ʹʌpə];верхний;adjective
upwards;[ʹʌpwədz];вверх;adverb
urban;[ʹɜ:bən];городской;adjective
urge;[ɜ:dʒ];призывать;verb
urgent;[ʹɜ:dʒ(ə)nt];срочный;adjective
usage;[ʹju:zıdʒ];использование;noun
useless;[ʹju:slıs];бесполезный;adjective
valid;[ʹvælıd];действительный;adjective
value;[ʹvælju:];ценить;verb
variation;[͵ve(ə)rıʹeıʃ(ə)n];вариация;noun
vary;[ʹve(ə)rı];варьироваться;verb
vast;[vɑ:st];огромный;adjective
venue;[ʹvenju:];место;noun
vertical;[ʹvɜ:tık(ə)l];вертикальный;adjective
very;[ʹverı];самый;adjective
via;[ʹvaıə];через;preposition
victory;[ʹvıkt(ə)rı];победа;noun
viewpoint;[ʹvju:pɔınt];точка зрения;noun
violence;[ʹvaıələns];насилие;noun
virtual;[ʹvɜ:tʃʋəl];виртуальный;adjective
visa;[ʹvi:zə];виза;noun
visible;[ʹvızəb(ə)l];видимый;adjective
vision;[ʹvıʒ(ə)n];видение;noun
visual;[ʹvıʒʋəl];визуальный;adjective
vital;[ʹvaıtl];жизненный;adjective
vitamin;[ʹvıtəmın];витамин;noun
volume;[ʹvɒlju:m];объем;noun
voluntary;[ʹvɒlənt(ə)rı];добровольный;adjective
voting;[ʹvəʋtıŋ];голосование;noun
wage;[weıdʒ];зарплата;noun
wander;[ʹwɒndə];бродить;verb
warming;[ʹwɔ:mıŋ];потепление;noun
way;[weı];кстати;adverb
weakness;[ʹwi:knıs];слабость;noun
wealth;[welθ];богатство;noun
wealthy;[ʹwelθı];богатый;adjective
weekly;[ʹwi:klı];еженедельный;adjective
weird;[wıəd];странный;adjective
welfare;[ʹwelfeə];благосостояние;noun
wheat;[wi:t];пшеница;noun
whereas;[we(ə)ʹræz];тогда как;conjunction
wherever;[we(ə)ʹrevə];везде;conjunction
whisper;[ʹwıspə];шепот;noun
whisper;[ʹwıspə];шептать;verb
whoever;[hu:ʹevə];всякий;pronoun
whom;[hu:m];который;pronoun
widely;[ʹwaıdlı];широко;adverb
widespread;['waidspred];повсеместный;adjective
wildlife;[ʹwaıldlaıf];дикая природа;noun
willing;[ʹwılıŋ];готовый;adjective
wind;[wınd];заводить;verb
wire;[ʹwaıə];проволока;noun
wisdom;[ʹwızdəm];мудрость;noun
wise;[waız];мудрый;adjective
withdraw;[wıðʹdrɔ:];вывести;verb
witness;[ʹwıtnıs];свидетель;noun
witness;[ʹwıtnıs];наблюдать;verb
workforce;['wə:kfɔ:s];рабочая сила;noun
workplace;[ʹwɜ:kpleıs];рабочее место;noun
workshop;[ʹwɜ:kʃɒp];семинар;noun
worm;[wɜ:m];червь;noun
worse;[wɜ:s];худшее;noun
worst;[wɜ:st];худшее;noun
worth;[wɜ:θ];стоимость;noun
wound;[wu:nd];рана;noun
wound;[wu:nd];ранить;verb
wrap;[ræp];обернуть;verb
wrist;[rıst];запястье;noun
wrong;[rɒŋ];ошибка;noun
yet;[jet];но;conjunction
zone;[zəʋn];зона;noun
